{
    "os": "Windows-10-10.0.22621-SP0",
    "python": "3.11.6",
    "heartbeatAt": "2024-02-23T04:46:43.808724",
    "startedAt": "2024-02-23T04:46:40.909317",
    "docker": null,
    "cuda": null,
    "args": [
        "vitstr_base",
        "--train_path",
        "E:\\AW\\OCR\\fine-tune\\Recog_data\\train_set",
        "--val_path",
        "E:\\AW\\OCR\\fine-tune\\Recog_data\\val_set",
        "-b",
        "16",
        "--train-samples",
        "127",
        "--val-samples",
        "25",
        "--vocab=mathematical",
        "--epochs",
        "5",
        "--wb",
        "--pretrained"
    ],
    "state": "running",
    "program": "E:\\AW\\OCR\\fine-tune\\doctr\\references\\recognition\\train_pytorch.py",
    "codePathLocal": "references\\recognition\\train_pytorch.py",
    "codePath": "references\\recognition\\train_pytorch.py",
    "git": {
        "remote": "https://github.com/mindee/doctr.git",
        "commit": "dd1fbbe69903321f30a86aec264b491038d57a30"
    },
    "email": null,
    "root": "E:/AW/OCR/fine-tune/doctr",
    "host": "AmiT-Lt87",
    "username": "devteam",
    "executable": "E:\\AW\\OCR\\fine-tune\\.finetune\\Scripts\\python.exe",
    "cpu_count": 12,
    "cpu_count_logical": 16,
    "cpu_freq": {
        "current": 2200.0,
        "min": 0.0,
        "max": 2200.0
    },
    "cpu_freq_per_core": [
        {
            "current": 2200.0,
            "min": 0.0,
            "max": 2200.0
        }
    ],
    "disk": {
        "/": {
            "total": 436.91015243530273,
            "used": 104.82555389404297
        }
    },
    "gpu": "NVIDIA RTX A500 Laptop GPU",
    "gpu_count": 1,
    "gpu_devices": [
        {
            "name": "NVIDIA RTX A500 Laptop GPU",
            "memory_total": 4294967296
        }
    ],
    "memory": {
        "total": 31.692092895507812
    }
}
