{
    "os": "Windows-10-10.0.22621-SP0",
    "python": "3.11.6",
    "heartbeatAt": "2024-03-12T08:43:47.100355",
    "startedAt": "2024-03-12T08:43:45.857701",
    "docker": null,
    "cuda": null,
    "args": [
        "E:\\AW\\OCR\\fine-tune\\Recog_data\\Det_data",
        "E:\\AW\\OCR\\fine-tune\\Recog_data\\Det_val",
        "db_resnet50",
        "--name=dbresnet50",
        "--batch_size=1",
        "--device=0",
        "--pretrained",
        "--epochs",
        "50",
        "--workers=10",
        "--wb"
    ],
    "state": "running",
    "program": "E:\\AW\\OCR\\fine-tune\\doctr\\references\\detection\\train_pytorch.py",
    "codePathLocal": "references\\detection\\train_pytorch.py",
    "codePath": "references\\detection\\train_pytorch.py",
    "git": {
        "remote": "https://github.com/mindee/doctr.git",
        "commit": "dd1fbbe69903321f30a86aec264b491038d57a30"
    },
    "email": null,
    "root": "E:/AW/OCR/fine-tune/doctr",
    "host": "AmiT-Lt87",
    "username": "devteam",
    "executable": "E:\\AW\\OCR\\fine-tune\\.finetune\\Scripts\\python.exe",
    "cpu_count": 12,
    "cpu_count_logical": 16,
    "cpu_freq": {
        "current": 2200.0,
        "min": 0.0,
        "max": 2200.0
    },
    "cpu_freq_per_core": [
        {
            "current": 2200.0,
            "min": 0.0,
            "max": 2200.0
        }
    ],
    "disk": {
        "/": {
            "total": 436.91015243530273,
            "used": 168.39154815673828
        }
    },
    "gpu": "NVIDIA RTX A500 Laptop GPU",
    "gpu_count": 1,
    "gpu_devices": [
        {
            "name": "NVIDIA RTX A500 Laptop GPU",
            "memory_total": 4294967296
        }
    ],
    "memory": {
        "total": 31.692092895507812
    }
}
